<?xml version="1.0" encoding="UTF-8"?>
<!-- Created with TexturePacker http://texturepacker.com-->
<!-- $TexturePacker:SmartUpdate:4e4e9d7abe0967a324f7ad2b9439591b$ -->
<TextureAtlas imagePath="metalworks.png">
    <SubTexture name="background-disabled-skin" x="263" y="271" width="32" height="32"/>
    <SubTexture name="background-down-skin" x="227" y="271" width="32" height="32"/>
    <SubTexture name="background-focused-skin" x="191" y="263" width="32" height="32"/>
    <SubTexture name="background-inset-skin" x="155" y="263" width="32" height="32"/>
    <SubTexture name="background-popup-skin" x="119" y="263" width="32" height="32"/>
    <SubTexture name="background-skin" x="371" y="259" width="32" height="32"/>
    <SubTexture name="button-back-disabled-skin" x="331" y="223" width="36" height="60"/>
    <SubTexture name="button-back-down-skin" x="291" y="207" width="36" height="60"/>
    <SubTexture name="button-back-up-skin" x="251" y="207" width="36" height="60"/>
    <SubTexture name="button-call-to-action-down-skin" x="195" y="135" width="60" height="60"/>
    <SubTexture name="button-call-to-action-up-skin" x="131" y="135" width="60" height="60"/>
    <SubTexture name="button-danger-down-skin" x="441" y="259" width="60" height="60"/>
    <SubTexture name="button-danger-up-skin" x="441" y="195" width="60" height="60"/>
    <SubTexture name="button-disabled-skin" x="441" y="131" width="60" height="60"/>
    <SubTexture name="button-down-skin" x="355" y="159" width="60" height="60"/>
    <SubTexture name="button-forward-disabled-skin" x="211" y="199" width="36" height="60"/>
    <SubTexture name="button-forward-down-skin" x="171" y="199" width="36" height="60"/>
    <SubTexture name="button-forward-up-skin" x="131" y="199" width="36" height="60"/>
    <SubTexture name="button-selected-disabled-skin" x="355" y="95" width="60" height="60"/>
    <SubTexture name="button-selected-up-skin" x="447" y="67" width="60" height="60"/>
    <SubTexture name="button-up-skin" x="447" y="3" width="60" height="60"/>
    <SubTexture name="callout-arrow-bottom-skin" x="303" y="187" width="40" height="16"/>
    <SubTexture name="callout-arrow-left-skin" x="3" y="135" width="16" height="40"/>
    <SubTexture name="callout-arrow-right-skin" x="3" y="253" width="16" height="40"/>
    <SubTexture name="callout-arrow-top-skin" x="259" y="187" width="40" height="16"/>
    <SubTexture name="check-selected-disabled-icon" x="371" y="223" width="32" height="32"/>
    <SubTexture name="check-selected-down-icon" x="95" y="135" width="32" height="32"/>
    <SubTexture name="check-selected-up-icon" x="75" y="187" width="32" height="32"/>
    <SubTexture name="header-background-skin" x="3" y="3" width="256" height="128"/>
    <SubTexture name="horizontal-scroll-bar-thumb-skin" x="3" y="305" width="26" height="10"/>
    <SubTexture name="list-accessory-drill-down-icon" x="3" y="223" width="18" height="26"/>
    <SubTexture name="list-inset-item-first-selected-skin" x="65" y="223" width="28" height="88"/>
    <SubTexture name="list-inset-item-first-up-skin" x="35" y="415" width="28" height="88"/>
    <SubTexture name="list-inset-item-last-selected-skin" x="35" y="323" width="28" height="88"/>
    <SubTexture name="list-inset-item-last-up-skin" x="33" y="223" width="28" height="88"/>
    <SubTexture name="list-inset-item-single-selected-skin" x="3" y="415" width="28" height="88"/>
    <SubTexture name="list-inset-item-single-up-skin" x="3" y="323" width="28" height="88"/>
    <SubTexture name="list-item-selected-skin" x="419" y="213" width="18" height="88"/>
    <SubTexture name="list-item-up-skin" x="419" y="121" width="18" height="88"/>
    <SubTexture name="page-indicator-normal-skin" x="111" y="191" width="16" height="16"/>
    <SubTexture name="page-indicator-selected-skin" x="111" y="171" width="16" height="16"/>
    <SubTexture name="picker-list-icon" x="419" y="95" width="20" height="22"/>
    <SubTexture name="picker-list-item-selected-icon" x="23" y="135" width="32" height="33"/>
    <SubTexture name="radio-selected-disabled-icon" x="59" y="135" width="32" height="32"/>
    <SubTexture name="radio-selected-down-icon" x="39" y="187" width="32" height="32"/>
    <SubTexture name="radio-selected-up-icon" x="3" y="187" width="32" height="32"/>
    <SubTexture name="search-icon" x="97" y="241" width="18" height="19"/>
    <SubTexture name="tab-down-skin" x="263" y="95" width="88" height="88"/>
    <SubTexture name="tab-selected-disabled-skin" x="355" y="3" width="88" height="88"/>
    <SubTexture name="tab-selected-skin" x="263" y="3" width="88" height="88"/>
    <SubTexture name="vertical-scroll-bar-thumb-skin" x="111" y="211" width="10" height="26"/>
</TextureAtlas>
